{
  "calibration_date": "2025-12-04T16:38:57.257610",
  "image_shape": [
    2592,
    4608
  ],
  "barrel_distortion": {
    "k1": -5.798766010071886e-09,
    "k2": 1.0704576850755495e-07,
    "k3": -2.7746425806405844e-07,
    "fx": 4608.0,
    "fy": 4608.0,
    "cx": 2304.0,
    "cy": 1296.0,
    "image_size": [
      4608,
      2592
    ]
  },
  "perspective": {
    "enabled": false,
    "transform_matrix": null
  },
  "vignette": {
    "strength": 0.2,
    "enabled": true,
    "center": [
      2304.0,
      1296.0
    ],
    "radius": 2304.0
  },
  "chromatic_aberration": {
    "enabled": false,
    "r_offset": [
      0,
      0
    ],
    "b_offset": [
      0,
      0
    ]
  }
}