{
  "calibration_date": "2025-12-01T18:21:51.516097",
  "image_shape": [
    2592,
    4608
  ],
  "barrel_distortion": {
    "k1": 0.0006429094920079098,
    "k2": -0.003999025539037259,
    "k3": 0.007482727545774454,
    "fx": 4608.0,
    "fy": 4608.0,
    "cx": 2304.0,
    "cy": 1296.0,
    "image_size": [
      4608,
      2592
    ]
  },
  "perspective": {
    "enabled": false,
    "transform_matrix": null
  },
  "vignette": {
    "strength": 0.2,
    "enabled": true,
    "center": [
      2304.0,
      1296.0
    ],
    "radius": 2304.0
  },
  "chromatic_aberration": {
    "enabled": false,
    "r_offset": [
      0,
      0
    ],
    "b_offset": [
      0,
      0
    ]
  }
}